{"cameraMode":{"drawMode":0,"name":"Shaded","section":"Shading Mode"},"sceneLighting":false,"audioPlay":false,"sceneViewState":{"showFog":false,"showMaterialUpdate":false,"showSkybox":false,"showFlares":false,"showImageEffects":false,"showParticleSystems":false},"in2DMode":false,"pivot":{"x":155.54171752929688,"y":40.80292892456055,"z":151.2249755859375},"rotation":{"x":0.053275927901268008,"y":0.8986745476722717,"z":-0.11415663361549378,"w":0.4201764464378357},"size":0.237095907330513,"orthographic":false}