{"cameraMode":{"drawMode":0,"name":"Shaded","section":"Shading Mode"},"sceneLighting":false,"audioPlay":false,"sceneViewState":{"showFog":false,"showMaterialUpdate":false,"showSkybox":false,"showFlares":false,"showImageEffects":false,"showParticleSystems":false},"in2DMode":false,"pivot":{"x":-2.7832236289978029,"y":3.0764708518981935,"z":4.5501298904418949},"rotation":{"x":0.04903983324766159,"y":0.885911226272583,"z":-0.09633612632751465,"w":0.45110592246055605},"size":3.9714908599853517,"orthographic":false}